route,type,required,theme_variants,seo_title,owner,notes
/,page,yes,"day,night,all-12",GoQik — Home,UI,Homepage grid + drag/drop
/ui/,page,yes,"day,night,all-12",UI Preview,UI,Theme switch + responsive
/admin-shadow/,page,yes,"day,night",Admin (Shadow),Ops,RBAC later
/account/,page,yes,"day,night,all-12",Account & Membership,UI,"Credits, plans, payments"
/components/,page,yes,"day,night,all-12",Components,UI,Catalog + filters
/billing/,page,yes,"day,night",Billing Center,Finance,Invoices & history
/legal/privacy,page,yes,"day,night",Privacy Policy,Legal,
/legal/terms,page,yes,"day,night",Terms of Service,Legal,
/api/health,api,yes,-,,Ops,SLO probe
/assets/logo.svg,asset,yes,all-12,,UI,Theme-aware if applicable
