theme,mode,status
Tech Blue,day,todo
Tech Blue,night,todo
Neo-Minimal,day,todo
Neo-Minimal,night,todo
Calm Light,day,todo
Calm Light,night,todo
Dark Pro,day,todo
Dark Pro,night,todo
Youth/Cartoon,day,todo
Youth/Cartoon,night,todo
Elegant Serif,day,todo
Elegant Serif,night,todo
Vibrant Pop,day,todo
Vibrant Pop,night,todo
Eco Green,day,todo
Eco Green,night,todo
Metro Gray,day,todo
Metro Gray,night,todo
Sunset Warm,day,todo
Sunset Warm,night,todo
Ocean Cool,day,todo
Ocean Cool,night,todo
Mono Noir,day,todo
Mono Noir,night,todo
